English 9,101-01,D01P03:D02P05:D03P06:D05P07:,D01P03:D02P05:D03P06:D05P07:
English 9,101-02,D01P02:D02P04:D03P02:D05P01:,D01P02:D02P04:D03P02:D05P01:
English 9,101-03,D01P07:D02P01:D04P04:D05P06:,D01P07:D02P01:D04P04:D05P06:
English 10,102-01,D02P07:D03P03:D04P02:D05P05:,D02P07:D03P03:D04P02:D05P05:
English 10,102-02,D01P04:D02P06:D03P05:D05P04:,D01P04:D02P06:D03P05:D05P04:
English 10,102-03,D01P07:D02P01:D04P04:D05P06:,D01P07:D02P01:D04P04:D05P06:
English 11,103-01,D01P02:D02P04:D04P02:D05P06:,D01P02:D02P04:D04P02:D05P06:
English 11,103-02,D01P02:D02P01:D03P04:D05P06:,D01P02:D02P01:D03P04:D05P06:
English 11,103-03,D01P04:D02P06:D03P05:D04P03:,D01P04:D02P06:D03P05:D04P03:
English 11,103-04,D02P02:D03P07:D04P06:D05P01:,D02P02:D03P07:D04P06:D05P01:
English 12 ,104-01,D02P07:D03P07:D04P06:D05P01:,D02P07:D03P07:D04P06:D05P01:
English 12 ,104-02,D01P03:D02P05:D03P06:D05P07:,D01P03:D02P05:D03P06:D05P07:
English 12: Reasons for Writing,106-01,D01P03:D02P05:D03P06:D05P07:,D01P03:D02P05:D03P06:D05P07:
Short Story,121-01,D02P02:D04P06:,D02P02:D04P06:
Fiction Writing and Publishing,141-01,D02P02:D04P06:,D02P02:D04P06:
Shakespeare: Language and the Self,156-01,D02P07:D04P02:,D02P07:D04P02:
Ancient History,201-01,D01P06:D03P03:D04P01:D05P05:,D01P06:D03P03:D04P01:D05P05:
Ancient History,201-02,D01P01:D03P07:D04P05:D05P02:,D01P01:D03P07:D04P05:D05P02:
Ancient History,201-03,D01P05:D02P03:D03P01:D05P03:,D01P05:D02P03:D03P01:D05P03:
Medieval World History,202-01,D01P03:D02P05:D03P06:D05P07:,D01P03:D02P05:D03P06:D05P07:
Medieval World History,202-02,D02P02:D03P03:D04P01:D05P05:,D02P02:D03P03:D04P01:D05P05:
Medieval World History,202-03,D01P04:D02P03:D03P05:D04P03:,D01P04:D02P03:D03P05:D04P03:
United States History,203-01,D01P06:D03P03:D04P01:D05P05:,D01P06:D03P03:D04P01:D05P05:
United States History,203-02,D01P01:D03P02:D04P05:D05P02:,D01P01:D03P02:D04P05:D05P02:
United States History,203-03,D01P03:D02P05:D03P06:D05P07:,D01P03:D02P05:D03P06:D05P07:
United States History,203-04,D01P02:D02P01:D03P04:D05P06:,D01P02:D02P01:D03P04:D05P06:
Economics,231-01,D01P02:D02P01:D03P04:D05P06:,D01P02:D02P01:D03P04:D05P06:
Economics,231-02,D01P01:D03P02:D04P05:D05P02:,D01P01:D03P02:D04P05:D05P02:
Modern European History,232-01,D01P04:D02P06:D03P05:D05P04:,D01P04:D02P06:D03P05:D05P04:
Empires & Nationalism,240-01,D01P02:D04P02:,D01P02:D04P02:
History of Modern East Asia,245-01,D01P04:D02P06:D03P05:D05P04:,D01P04:D02P06:D03P05:D05P04:
Modern Islamic Societies,248-01,D01P05:D04P07:,D01P05:D04P07:
Politics and Policy,249-01,D01P07:D04P04:,D01P07:D04P04:
French 1,301-01,D01P05:D03P01:D04P07:D05P03:,D01P05:D03P01:D04P07:D05P03:
French 2,302-01,D01P07:D02P01:D04P04:D05P06:,D01P07:D02P01:D04P04:D05P06:
French 3,303-01,D01P06:D03P03:D04P01:D05P05:,D01P06:D03P03:D04P01:D05P05:
French 4 Conversation,304-01,D03P02:D05P02:,D03P02:D05P02:
French 4 Literature,305-01,D01P01:D04P05:,D01P01:D04P05:
Spanish 1,321-01,D01P06:D03P03:D04P01:D05P05:,D01P06:D03P03:D04P01:D05P05:
Spanish 2,322-01,D01P03:D02P05:D03P04:D05P07:,D01P03:D02P05:D03P04:D05P07:
Spanish 2,322-02,D01P05:D03P01:D04P07:D05P03:,D01P05:D03P01:D04P07:D05P03:
Spanish 3,323-01,D02P07:D03P03:D04P01:D05P05:,D02P07:D03P03:D04P01:D05P05:
Spanish 3,323-02,D02P04:D03P07:D04P06:D05P01:,D02P04:D03P07:D04P06:D05P01:
Spanish 4 Literature,324-01,D01P03:D02P05:D03P06:D05P07:,D01P03:D02P05:D03P06:D05P07:
Spanish 5 Literature,330-01,D03P01:D05P03:,D03P01:D05P03:
Spanish 5 Literature,330-02,D02P06:D05P04:,D02P06:D05P04:
Latin 1,331-01,D01P03:D02P05:D03P06:D05P07:,D01P03:D02P05:D03P06:D05P07:
Latin 2,332-01,D01P04:D02P06:D03P05:D05P04:,D01P04:D02P06:D03P05:D05P04:
Latin 3,333-01,D01P01:D03P02:D04P05:D05P02:,D01P01:D03P02:D04P05:D05P02:
Mandarin 1,351-01,D01P07:D02P01:D04P04:D05P06:,D01P07:D02P01:D04P04:D05P06:
Mandarin 2,352-01,D01P03:D02P05:D04P03:D05P07:,D01P03:D02P05:D04P03:D05P07:
Mandarin 3,353-01,D01P01:D02P07:D03P02:D05P02:,D01P01:D02P07:D03P02:D05P02:
Mandarin 4,354-01,D01P06:D03P03:D04P01:D05P05:,D01P06:D03P03:D04P01:D05P05:
Readings in Ethics,402-01,D02P02:,D02P02:
Readings in Ethics,402-02,D03P04:,D03P04:
Readings in Ethics,402-03,D04P01:,D04P01:
Film Analysis: World Cinema,432-01,D02P03:D02P04:D04P02:,D02P03:D02P04:D04P02:
Jazz Theory 1,441-01,D02P07:D03P06:,D02P07:D03P06:
Jazz Theory 2,442-01,D02P06:D03P07:,D02P06:D03P07:
Music Theory 1,443-01,D02P02:D04P06:,D02P02:D04P06:
Biology 1,501-01,D01P06:D03P03:D03P04:D04P01:D05P05:,D01P06:D03P03:D03P04:D04P01:D05P05:
Biology 1,501-02,D01P02:D03P01:D03P02:D04P07:D05P03:,D01P02:D03P01:D03P02:D04P07:D05P03:
Biology 1,501-03,D01P07:D02P01:D04P03:D04P04:D05P06:,D01P07:D02P01:D04P03:D04P04:D05P06:
Biology 2,502-01,D02P01:D02P02:D03P07:D04P06:D05P01:,D02P01:D02P02:D03P07:D04P06:D05P01:
Gene Expression and Regulation,510-01,D02P03:D04P04:,D02P03:D04P04:
Gene Expression and Regulation,510-02,D02P07:D04P03:,D02P07:D04P03:
Chemistry 1 Advanced,521-01,D01P06:D01P07:D02P01:D04P04:D05P06:,D01P06:D01P07:D02P01:D04P04:D05P06:
Chemistry 1 Advanced,521-02,D01P01:D01P02:D02P04:D04P05:D05P02:,D01P01:D01P02:D02P04:D04P05:D05P02:
Chemistry 1,522-01,D01P01:D01P02:D03P02:D04P05:D05P02:,D01P01:D01P02:D03P02:D04P05:D05P02:
Chemistry 2,523-01,D01P04:D02P06:D03P04:D03P05:D05P04:,D01P04:D02P06:D03P04:D03P05:D05P04:
Computer Science 1: The Design of Computer Programs,531-01,D01P02:D04P02:,D01P02:D04P02:
Computer Science 1: The Design of Computer Programs,531-02,D01P01:D04P03:,D01P01:D04P03:
Computer Science 1: The Design of Computer Programs,531-03,D03P04:D05P01:,D03P04:D05P01:
Computer Science 2: AP Computer Science Principles,532-01,D01P06:D03P07:,D01P06:D03P07:
Computer Science 2: AP Computer Science Principles,532-02,D01P05:D04P07:,D01P05:D04P07:
Computer Science 3: Data Structures and Algorithms,537-01,D01P07:D04P04:,D01P07:D04P04:
Computers Lab,538-01,D02P03:,D02P03:
Computers Lab,538-02,D02P04:,D02P04:
Computers Lab,538-03,D03P05:,D03P05:
Computers Lab,538-04,D04P01:,D04P01:
Computers Lab,538-05,D05P02:,D05P02:
Computers Lab,538-06,D05P03:,D05P03:
Computer Science 4: Advanced Topics in Computer Science,540-01,D02P06:D05P04:,D02P06:D05P04:
Physics 1,541-01,D01P06:D03P03:D04P01:D05P05:,D01P06:D03P03:D04P01:D05P05:
Physics 1 Accelerated,551-01,D01P01:D03P02:D04P05:D05P02:,D01P01:D03P02:D04P05:D05P02:
Physics 1 Advanced,552-01,D01P03:D02P05:D03P06:D05P07:,D01P03:D02P05:D03P06:D05P07:
Physics 2,553-01,D02P02:D03P07:D04P06:D05P01:,D02P02:D03P07:D04P06:D05P01:
Theory of Relativity,557-01,D02P01:D05P06:,D02P01:D05P06:
Geometry Advanced,601-01,D01P04:D02P02:D03P05:D05P04:,D01P04:D02P02:D03P05:D05P04:
Geometry,602-01,D01P07:D02P01:D04P04:D05P06:,D01P07:D02P01:D04P04:D05P06:
Geometry,602-02,D01P04:D02P02:D03P05:D05P04:,D01P04:D02P02:D03P05:D05P04:
Intermediate Algebra,610-01,D01P04:D02P02:D03P05:D05P04:,D01P04:D02P02:D03P05:D05P04:
Algebra 2/Precalculus Advanced,615-01,D01P03:D02P05:D03P06:D05P07:,D01P03:D02P05:D03P06:D05P07:
Algebra 2/Precalculus,616-01,D01P03:D02P05:D03P06:D05P07:,D01P03:D02P05:D03P06:D05P07:
Algebra 2/Precalculus,616-02,D01P05:D03P01:D04P07:D05P03:,D01P05:D03P01:D04P07:D05P03:
Calculus 1 Advanced,622-01,D01P05:D03P01:D04P07:D05P03:,D01P05:D03P01:D04P07:D05P03:
Calculus 1,623-01,D02P02:D03P03:D04P01:D05P05:,D02P02:D03P03:D04P01:D05P05:
Calculus 1,623-02,D01P05:D03P01:D04P07:D05P03:,D01P05:D03P01:D04P07:D05P03:
Calculus 2,631-01,D01P06:D03P03:D04P01:D05P05:,D01P06:D03P03:D04P01:D05P05:
Theoretical Calculus,632-01,D01P05:D03P01:D04P07:D05P03:,D01P05:D03P01:D04P07:D05P03:
Multivariable Calculus,634-01,D01P05:D03P01:D04P07:D05P03:,D01P05:D03P01:D04P07:D05P03:
Statistics (Half-credit),642-01,D02P04:D04P02:,D02P04:D04P02:
"Abstract Algebra: Groups, Rings, Fields",643-01,D02P02:D05P01:,D02P02:D05P01:
Statistics,644-01,D01P05:D03P01:D04P07:D05P03:,D01P05:D03P01:D04P07:D05P03:
Acting 1,711-01,D02P07:D05P02:,D02P07:D05P02:
Advanced Acting,718-01,D01P05:D05P03:,D01P05:D05P03:
Advanced Acting,718-02,D01P07:D04P04:,D01P07:D04P04:
Advanced Acting,718-03,D05P01:D04P06:,D05P01:D04P06:
Chorus,731-01,D02P03:D04P03:,D02P03:D04P03:
Chorale,732-01,D02P04:D04P02:,D02P04:D04P02:
Orchestra,733-01,D05P01:,D05P01:
Chamber Music,734-01,D03P05:,D03P05:
Printmaking Class,744-01,D02P01:D02P02:,D02P01:D02P02:
Printmaking Class,744-02,D02P03:D02P04:,D02P03:D02P04:
Beginning Photo Class,745-01,D03P01:,D03P01:
Beginning Photo Class,745-02,D01P02:,D01P02:
Beginning Photo Class,745-03,D01P03:,D01P03:
Beginning Photo Class,745-04,D01P05:,D01P05:
Beginning Photo Class,745-05,D01P06:,D01P06:
Beginning Photo Class,746-01,D03P03:,D03P03:
Beginning Photo Class,746-02,D03P04:,D03P04:
Beginning Photo Class,746-03,D03P05:,D03P05:
Beginning Photo Class,746-04,D03P06:,D03P06:
Beginning Photo Class,746-05,D04P04:,D04P04:
Adv. Photo. Class,749-01,D01P04:,D01P04:
Adv. Photo. Class,749-02,D01P07:,D01P07:
Adv. Photo. Class,749-03,D03P02:,D03P02:
Adv. Photo. Class,750-01,D03P07:,D03P07:
Adv. Photo. Class,750-02,D04P02:,D04P02:
Adv. Photo. Class,750-03,D04P03:,D04P03:
Ceramics Class,758-01,D02P01:,D02P01:
Ceramics Class,758-02,D02P02:,D02P02:
Ceramics Class,758-03,D02P06:,D02P06:
Ceramics Class,758-04,D02P07:,D02P07:
Ceramics Class,758-05,D03P01:,D03P01:
Ceramics Class,758-06,D03P02:,D03P02:
Ceramics Class,758-07,D03P03:,D03P03:
Ceramics Class,758-08,D03P04:,D03P04:
Ceramics Class,758-09,D03P05:,D03P05:
Ceramics Class,758-10,D03P07:,D03P07:
Ceramics Class,758-11,D04P01:,D04P01:
Art Studio,766-01,D01P01:,D01P01:
Art Studio,766-02,D01P02:,D01P02:
Art Studio,766-03,D01P03:,D01P03:
Art Studio,766-04,D01P04:,D01P04:
Art Studio,766-05,D02P06:,D02P06:
Art Studio,766-06,D02P07:,D02P07:
Art Studio,766-07,D03P02:,D03P02:
Art Studio,766-08,D03P03:,D03P03:
Art Studio,766-09,D03P04:,D03P04:
Art Studio,766-10,D03P05:,D03P05:
Art Studio,766-11,D03P07:,D03P07:
Art Studio,766-12,D05P03:,D05P03:
Art Studio,766-13,D05P04:,D05P04:
Life Draw Class,770-01,D01P06:,D01P06:
Life Draw Class,770-02,D01P07:,D01P07:
Sculpture Class,773-01,D02P03:,D02P03:
Sculpture Class,773-02,D02P04:,D02P04:
Capstone Project,960-01,D04P03:,D04P03:
City of Boston,221-01,D02P06:D02P07:D04P06:,D02P06:D02P07:D04P06:
Language and Ethics,401-01,D04P06:D02P07:,D04P06:D02P07:
Health and Community,800-01,D02P06:D02P07:D04P06:,D02P06:D02P07:D04P06:
City of Boston,221-02,D02P06:D02P07:D04P02:,D02P06:D02P07:D04P02:
Language and Ethics,401-02,D02P06:D04P02:,D02P06:D04P02:
Health and Community,800-02,D02P06:D02P07:D04P02:,D02P06:D02P07:D04P02:
City of Boston,221-03,D02P04:D04P05:D04P06:,D02P04:D04P05:D04P06:
Language and Ethics,401-03,D02P04:D04P06:,D02P04:D04P06:
Health and Community,800-03,D02P04:D04P05:D04P06:,D02P04:D04P05:D04P06:
Category Theory,699-01,D01P02:D04P06:,D01P02:D04P06:
Capstone Project,960-02,D04P03:,D04P03:
Capstone Project,960-03,D04P03:,D04P03:
Jazz Ensemble ,735-01,D02P08:,D02P08:
Mandarin 4B,358-01,D02P02:D03P06:D05P01:,D02P02:D03P06:D05P01:
Life Draw Class,770-03,D05P01:,D05P01:
Life Draw Class,770-04,D05P02:,D05P02:
Art Studio,766-14,D05P06:,D05P06:
Sculpture Class,773-03,D04P03:,D04P03:
Sculpture Class,773-04,D04P04:,D04P04:
Chamber Music,734-02,D03P07:,D03P07:
Berlin Tutorial,901-01,D01P01:,D01P01:
Berlin Tutorial,901-02,D01P02:,D01P02:
Berlin Tutorial,901-03,D01P03:,D01P03:
Berlin Tutorial,901-04,D01P04:,D01P04:
Berlin Tutorial,901-05,D01P05:,D01P05:
Berlin Tutorial,901-06,D02P01:,D02P01:
Berlin Tutorial,901-07,D02P02:,D02P02:
Berlin Tutorial,901-08,D02P03:,D02P03:
Berlin Tutorial,901-09,D02P04:,D02P04:
Berlin Tutorial,901-10,D02P05:,D02P05:
Berlin Tutorial,901-11,D05P01:,D05P01:
Berlin Tutorial,901-12,D05P02:,D05P02:
Berlin Tutorial,901-13,D05P03:,D05P03:
Berlin Tutorial,901-14,D05P04:,D05P04:
Berlin Tutorial,901-15,D05P05:,D05P05:
Academic Tutorial (SD),906-01,D02P01:,D02P01:
Academic Tutorial (SD),906-02,D02P05:,D02P05:
Academic Tutorial (SD),906-03,D01P04:,D01P04:
Academic Tutorial (SD),906-04,D04P04:,D04P04:
Academic Tutorial (SD),906-05,D04P03:,D04P03:
Recess Cleanup,910-01,D01P03:,D01P03:
Recess Cleanup,910-02,D02P03:,D02P03:
Recess Cleanup,910-03,D03P03:,D03P03:
Recess Cleanup,910-04,D04P03:,D04P03:
Recess Cleanup,910-05,D05P03:,D05P03:
Lunch Setup,911-01,D01P05:,D01P05:
Lunch Setup,911-02,D02P05:,D02P05:
Lunch Setup,911-03,D03P05:,D03P05:
Lunch Setup,911-04,D05P05:,D05P05:
Lunch Cleanup A,912-01,D01P06:,D01P06:
Lunch Cleanup A,912-02,D02P06:,D02P06:
Lunch Cleanup A,912-03,D03P06:,D03P06:
Lunch Cleanup A,912-04,D04P05:,D04P05:
Lunch Cleanup A,912-05,D05P06:,D05P06:
Lunch Cleanup B,913-01,D01P06:,D01P06:
Lunch Cleanup B,913-02,D02P06:,D02P06:
Lunch Cleanup B,913-03,D03P06:,D03P06:
Lunch Cleanup B,913-04,D04P05:,D04P05:
Lunch Cleanup B,913-05,D05P06:,D05P06:
Lunch Cleanup C,914-01,D01P06:,D01P06:
Lunch Cleanup C,914-02,D02P06:,D02P06:
Lunch Cleanup C,914-03,D03P06:,D03P06:
Lunch Cleanup C,914-04,D04P05:,D04P05:
Lunch Cleanup C,914-05,D05P06:,D05P06:
Study Hall,999-01,D01P01:,D01P01:
Study Hall,999-02,D01P02:,D01P02:
Study Hall,999-03,D01P03:,D01P03:
Study Hall,999-04,D01P04:,D01P04:
Study Hall,999-05,D01P05:,D01P05:
Study Hall,999-06,D01P06:,D01P06:
Study Hall,999-07,D01P07:,D01P07:
Study Hall,999-08,D02P01:,D02P01:
Study Hall,999-09,D02P02:,D02P02:
Study Hall,999-10,D02P03:,D02P03:
Study Hall,999-11,D02P04:,D02P04:
Study Hall,999-12,D02P05:,D02P05:
Study Hall,999-13,D02P06:,D02P06:
Study Hall,999-14,D02P07:,D02P07:
Study Hall,999-15,D03P01:,D03P01:
Study Hall,999-16,D03P02:,D03P02:
Study Hall,999-17,D03P03:,D03P03:
Study Hall,999-18,D03P04:,D03P04:
Study Hall,999-19,D03P05:,D03P05:
Study Hall,999-20,D03P06:,D03P06:
Study Hall,999-21,D03P07:,D03P07:
Study Hall,999-22,D04P01:,D04P01:
Study Hall,999-23,D04P02:,D04P02:
Study Hall,999-24,D04P03:,D04P03:
Study Hall,999-25,D04P04:,D04P04:
Study Hall,999-26,D04P05:,D04P05:
Study Hall,999-27,D04P06:,D04P06:
Study Hall,999-28,D04P07:,D04P07:
Study Hall,999-29,D05P01:,D05P01:
Study Hall,999-30,D05P02:,D05P02:
Study Hall,999-31,D05P03:,D05P03:
Study Hall,999-32,D05P04:,D05P04:
Study Hall,999-33,D05P05:,D05P05:
Study Hall,999-34,D05P06:,D05P06:
Study Hall,999-35,D05P07:,D05P07:
Academic Tutorial (JH),906-06,D02P03:D02P04:D03P04:,D03P04:D02P04:D02P03:
Academic Tutorial (JH),906-07,D02P06:D03P07:D04P03:,D02P06:D03P07:D04P03:
Academic Tutorial (JH),906-08,D04P04:,D04P04:
Academic Tutorial (JH),906-09,D05P06:,D05P06:
Algebra 1,698-01,D02P02:D04P01:D05P05:,D02P02:D04P01:D05P05:
Advanced Topics: Abstract Algebra/Category Theory,699-02,D01P02:D04P06:,D01P02:D04P06:
French 5 Literature,306-01,D02P07:D05P03:,D02P07:D05P03:
Chamber Music,734-03,D03P07:,D03P07:
Academic Tutorial (DB),906-11,D04P03:,D04P03:
Academic Tutorial,906-12,D04P02:,D04P02:
Academic Tutorial,906-13,D04P04:,D04P04:
Academic Tutorial,906-14,D04P05:,D04P05:
Academic Tutorial,906-15,D04P06:,D04P06:
Introduction to Latin,339-01,D01P01:D03P07:D05P04:,D01P01:D03P07:D05P04:
Chemistry 1,522-02,D01P06:D01P07:D02P01:D04P04:D05P06:,D01P06:D01P07:D02P01:D04P04:D05P06:
